{
  "designation": {
    "precision": 0.8076923076923077,
    "recall": 0.7241379310344828,
    "f1-score": 0.7636363636363636,
    "support": 29,
    "confused_with": {
      "company": 1
    }
  },
  "employee_id": {
    "precision": 0.9411764705882353,
    "recall": 1.0,
    "f1-score": 0.9696969696969697,
    "support": 16,
    "confused_with": {}
  },
  "company": {
    "precision": 0.625,
    "recall": 0.37037037037037035,
    "f1-score": 0.4651162790697674,
    "support": 27,
    "confused_with": {
      "designation": 1
    }
  },
  "time": {
    "precision": 1.0,
    "recall": 1.0,
    "f1-score": 1.0,
    "support": 22,
    "confused_with": {}
  },
  "otp": {
    "precision": 0.972972972972973,
    "recall": 1.0,
    "f1-score": 0.9863013698630138,
    "support": 36,
    "confused_with": {}
  },
  "number": {
    "precision": 1.0,
    "recall": 0.9393939393939394,
    "f1-score": 0.96875,
    "support": 33,
    "confused_with": {
      "otp": 1,
      "employee_id": 1
    }
  },
  "name": {
    "precision": 0.9047619047619048,
    "recall": 0.7037037037037037,
    "f1-score": 0.7916666666666667,
    "support": 27,
    "confused_with": {
      "designation": 2
    }
  },
  "location": {
    "precision": 0.96,
    "recall": 0.9795918367346939,
    "f1-score": 0.9696969696969697,
    "support": 49,
    "confused_with": {}
  },
  "micro avg": {
    "precision": 0.9227272727272727,
    "recall": 0.8493723849372385,
    "f1-score": 0.8845315904139434,
    "support": 239
  },
  "macro avg": {
    "precision": 0.9014504570019276,
    "recall": 0.8396497226546487,
    "f1-score": 0.8643580773287188,
    "support": 239
  },
  "weighted avg": {
    "precision": 0.9073326314145904,
    "recall": 0.8493723849372385,
    "f1-score": 0.8727384787686603,
    "support": 239
  }
}