{
  "time": {
    "precision": 1.0,
    "recall": 1.0,
    "f1-score": 1.0,
    "support": 6,
    "confused_with": {}
  },
  "greet": {
    "precision": 0.7333333333333333,
    "recall": 0.7333333333333333,
    "f1-score": 0.7333333333333333,
    "support": 30,
    "confused_with": {
      "small_talk_good": 2,
      "deny": 2
    }
  },
  "mood_unhappy": {
    "precision": 0.6,
    "recall": 0.6428571428571429,
    "f1-score": 0.6206896551724138,
    "support": 14,
    "confused_with": {
      "small_talk_sad": 2,
      "goodbye": 1
    }
  },
  "small_talk_good": {
    "precision": 0.6666666666666666,
    "recall": 0.8888888888888888,
    "f1-score": 0.761904761904762,
    "support": 18,
    "confused_with": {
      "mood_great": 2
    }
  },
  "small_talk_sad": {
    "precision": 0.8,
    "recall": 0.8888888888888888,
    "f1-score": 0.8421052631578948,
    "support": 9,
    "confused_with": {
      "mood_unhappy": 1
    }
  },
  "company": {
    "precision": 0.9,
    "recall": 0.6923076923076923,
    "f1-score": 0.7826086956521738,
    "support": 26,
    "confused_with": {
      "greet": 2,
      "sales": 2
    }
  },
  "mood_great": {
    "precision": 0.5454545454545454,
    "recall": 0.42857142857142855,
    "f1-score": 0.4799999999999999,
    "support": 14,
    "confused_with": {
      "small_talk_good": 3,
      "mood_unhappy": 3
    }
  },
  "PF": {
    "precision": 1.0,
    "recall": 1.0,
    "f1-score": 1.0,
    "support": 11,
    "confused_with": {}
  },
  "affirm": {
    "precision": 0.6551724137931034,
    "recall": 0.6551724137931034,
    "f1-score": 0.6551724137931034,
    "support": 29,
    "confused_with": {
      "deny": 4,
      "goodbye": 2
    }
  },
  "sales": {
    "precision": 0.9,
    "recall": 0.9473684210526315,
    "f1-score": 0.9230769230769231,
    "support": 19,
    "confused_with": {
      "job": 1
    }
  },
  "employee_id": {
    "precision": 1.0,
    "recall": 1.0,
    "f1-score": 1.0,
    "support": 17,
    "confused_with": {}
  },
  "job": {
    "precision": 0.9107142857142857,
    "recall": 1.0,
    "f1-score": 0.9532710280373832,
    "support": 51,
    "confused_with": {}
  },
  "deny": {
    "precision": 0.7058823529411765,
    "recall": 0.6857142857142857,
    "f1-score": 0.6956521739130436,
    "support": 35,
    "confused_with": {
      "affirm": 3,
      "greet": 2
    }
  },
  "goodbye": {
    "precision": 0.7222222222222222,
    "recall": 0.65,
    "f1-score": 0.6842105263157895,
    "support": 20,
    "confused_with": {
      "affirm": 2,
      "bot_challenge": 2
    }
  },
  "bot_challenge": {
    "precision": 0.6666666666666666,
    "recall": 0.8571428571428571,
    "f1-score": 0.75,
    "support": 7,
    "confused_with": {
      "name": 1
    }
  },
  "designation": {
    "precision": 0.8421052631578947,
    "recall": 0.8421052631578947,
    "f1-score": 0.8421052631578947,
    "support": 19,
    "confused_with": {
      "job": 2,
      "name": 1
    }
  },
  "ESIC": {
    "precision": 1.0,
    "recall": 1.0,
    "f1-score": 1.0,
    "support": 9,
    "confused_with": {}
  },
  "out_of_scope": {
    "precision": 0.7142857142857143,
    "recall": 0.5555555555555556,
    "f1-score": 0.6250000000000001,
    "support": 18,
    "confused_with": {
      "location": 4,
      "deny": 2
    }
  },
  "otp": {
    "precision": 0.972972972972973,
    "recall": 1.0,
    "f1-score": 0.9863013698630138,
    "support": 36,
    "confused_with": {}
  },
  "number": {
    "precision": 1.0,
    "recall": 0.96875,
    "f1-score": 0.9841269841269841,
    "support": 32,
    "confused_with": {
      "otp": 1
    }
  },
  "name": {
    "precision": 0.8928571428571429,
    "recall": 0.78125,
    "f1-score": 0.8333333333333334,
    "support": 32,
    "confused_with": {
      "greet": 3,
      "job": 1
    }
  },
  "location": {
    "precision": 0.9038461538461539,
    "recall": 0.9791666666666666,
    "f1-score": 0.9400000000000001,
    "support": 48,
    "confused_with": {
      "out_of_scope": 1
    }
  },
  "accuracy": 0.836,
  "macro avg": {
    "precision": 0.8241899879050852,
    "recall": 0.8271396744513805,
    "f1-score": 0.8224041693108203,
    "support": 500
  },
  "weighted avg": {
    "precision": 0.8356799990241166,
    "recall": 0.836,
    "f1-score": 0.8330472287950323,
    "support": 500
  }
}